{"IcoMoonType":"selection","icons":[{"icon":{"paths":["M219.429 877.714h512v-146.286h-512v146.286zM219.429 512h512v-219.429h-91.429c-30.286 0-54.857-24.571-54.857-54.857v-91.429h-365.714v365.714zM877.714 548.571c0-20-16.571-36.571-36.571-36.571s-36.571 16.571-36.571 36.571 16.571 36.571 36.571 36.571 36.571-16.571 36.571-36.571zM950.857 548.571v237.714c0 9.714-8.571 18.286-18.286 18.286h-128v91.429c0 30.286-24.571 54.857-54.857 54.857h-548.571c-30.286 0-54.857-24.571-54.857-54.857v-91.429h-128c-9.714 0-18.286-8.571-18.286-18.286v-237.714c0-60 49.714-109.714 109.714-109.714h36.571v-310.857c0-30.286 24.571-54.857 54.857-54.857h384c30.286 0 72 17.143 93.714 38.857l86.857 86.857c21.714 21.714 38.857 63.429 38.857 93.714v146.286h36.571c60 0 109.714 49.714 109.714 109.714z"],"width":950.8571428571428,"attrs":[],"isMulticolor":false,"isMulticolor2":false,"tags":["print"],"defaultCode":61487,"grid":14},"attrs":[],"properties":{"name":"print","id":48,"order":8,"prevSize":28,"code":61487},"setIdx":0,"setId":2,"iconIdx":48},{"icon":{"paths":["M1024 512c0 202.286-229.143 365.714-512 365.714-28 0-56-1.714-82.857-4.571-74.857 66.286-164 113.143-262.857 138.286-20.571 5.714-42.857 9.714-65.143 12.571-12.571 1.143-24.571-8-27.429-21.714v-0.571c-2.857-14.286 6.857-22.857 15.429-33.143 36-40.571 77.143-74.857 104-170.286-117.714-66.857-193.143-170.286-193.143-286.286 0-201.714 229.143-365.714 512-365.714s512 163.429 512 365.714z"],"width":1024,"attrs":[],"isMulticolor":false,"isMulticolor2":false,"tags":["comment"],"defaultCode":61557,"grid":14},"attrs":[],"properties":{"name":"comment","id":111,"order":6,"prevSize":28,"code":61557},"setIdx":0,"setId":2,"iconIdx":111},{"icon":{"paths":["M219.429 841.143c0-20-16.571-36.571-36.571-36.571s-36.571 16.571-36.571 36.571 16.571 36.571 36.571 36.571 36.571-16.571 36.571-36.571zM587.429 601.143l-389.714 389.714c-13.143 13.143-32 21.143-51.429 21.143s-38.286-8-52-21.143l-60.571-61.714c-13.714-13.143-21.714-32-21.714-51.429s8-38.286 21.714-52l389.143-389.143c29.714 74.857 89.714 134.857 164.571 164.571zM949.714 352.571c0 18.857-6.857 42.286-13.143 60.571-36 101.714-133.714 172-241.714 172-141.143 0-256-114.857-256-256s114.857-256 256-256c41.714 0 96 12.571 130.857 36 5.714 4 9.143 9.143 9.143 16 0 6.286-4 12.571-9.143 16l-167.429 96.571v128l110.286 61.143c18.857-10.857 151.429-94.286 162.857-94.286s18.286 8.571 18.286 20z"],"width":961.6822857142856,"attrs":[],"isMulticolor":false,"isMulticolor2":false,"tags":["wrench"],"defaultCode":61613,"grid":14},"attrs":[],"properties":{"name":"wrench","id":164,"order":5,"prevSize":28,"code":61613},"setIdx":0,"setId":2,"iconIdx":164},{"icon":{"paths":["M365.714 146.286h292.571v-73.143h-292.571v73.143zM1024 512v274.286c0 50.286-41.143 91.429-91.429 91.429h-841.143c-50.286 0-91.429-41.143-91.429-91.429v-274.286h384v91.429c0 20 16.571 36.571 36.571 36.571h182.857c20 0 36.571-16.571 36.571-36.571v-91.429h384zM585.143 512v73.143h-146.286v-73.143h146.286zM1024 237.714v219.429h-1024v-219.429c0-50.286 41.143-91.429 91.429-91.429h201.143v-91.429c0-30.286 24.571-54.857 54.857-54.857h329.143c30.286 0 54.857 24.571 54.857 54.857v91.429h201.143c50.286 0 91.429 41.143 91.429 91.429z"],"width":1024,"attrs":[],"isMulticolor":false,"isMulticolor2":false,"tags":["briefcase"],"defaultCode":61617,"grid":14},"attrs":[],"properties":{"name":"briefcase","id":167,"order":3,"prevSize":28,"code":61617},"setIdx":0,"setId":2,"iconIdx":167},{"icon":{"paths":["M505.714 323.429c6.286 6.857 8 16.571 4 25.143l-308.571 661.143c-4.571 8.571-13.714 14.286-24 14.286-2.286 0-5.143-0.571-8-1.143-12.571-4-20-16-17.143-28l112.571-461.714-232 57.714c-2.286 0.571-4.571 0.571-6.857 0.571-6.286 0-13.143-2.286-17.714-6.286-6.857-5.714-9.143-14.286-7.429-22.286l114.857-471.429c2.857-10.857 13.143-18.286 25.143-18.286h187.429c14.286 0 25.714 10.857 25.714 24 0 3.429-1.143 6.857-2.857 10.286l-97.714 264.571 226.286-56c2.286-0.571 4.571-1.143 6.857-1.143 7.429 0 14.286 3.429 19.429 8.571z"],"width":512.5851428571428,"attrs":[],"isMulticolor":false,"isMulticolor2":false,"tags":["bolt","flash"],"defaultCode":61671,"grid":14},"attrs":[],"properties":{"name":"bolt, flash","id":206,"order":4,"prevSize":28,"code":61671},"setIdx":0,"setId":2,"iconIdx":206},{"icon":{"paths":["M1013.714 477.714l10.286 180.571c4.571 80.571-164 146.286-365.714 146.286s-370.286-65.714-365.714-146.286l10.286-180.571 328 103.429c9.143 2.857 18.286 4 27.429 4s18.286-1.143 27.429-4zM1316.571 292.571c0 8-5.143 14.857-12.571 17.714l-640 201.143c-2.286 0.571-4 0.571-5.714 0.571s-3.429 0-5.714-0.571l-372.571-117.714c-32.571 25.714-55.429 88.571-60 165.714 21.714 12.571 36 35.429 36 62.286 0 25.714-13.143 48-33.143 61.143l33.143 247.429c0.571 5.143-1.143 10.286-4.571 14.286s-8.571 6.286-13.714 6.286h-109.714c-5.143 0-10.286-2.286-13.714-6.286s-5.143-9.143-4.571-14.286l33.143-247.429c-20-13.143-33.143-35.429-33.143-61.143 0-27.429 15.429-50.857 37.143-63.429 3.429-66.857 20.571-138.857 56-188.571l-190.286-59.429c-7.429-2.857-12.571-9.714-12.571-17.714s5.143-14.857 12.571-17.714l640-201.143c2.286-0.571 4-0.571 5.714-0.571s3.429 0 5.714 0.571l640 201.143c7.429 2.857 12.571 9.714 12.571 17.714z"],"width":1316.5714285714284,"attrs":[],"isMulticolor":false,"isMulticolor2":false,"tags":["graduation-cap","mortar-board"],"defaultCode":61853,"grid":14},"attrs":[],"properties":{"name":"graduation-cap, mortar-board","id":374,"order":2,"prevSize":28,"code":61853},"setIdx":0,"setId":2,"iconIdx":374},{"icon":{"paths":["M1008 6.286c12 8.571 17.714 22.286 15.429 36.571l-146.286 877.714c-1.714 10.857-8.571 20-18.286 25.714-5.143 2.857-11.429 4.571-17.714 4.571-4.571 0-9.143-1.143-13.714-2.857l-258.857-105.714-138.286 168.571c-6.857 8.571-17.143 13.143-28 13.143-4 0-8.571-0.571-12.571-2.286-14.286-5.143-24-18.857-24-34.286v-199.429l493.714-605.143-610.857 528.571-225.714-92.571c-13.143-5.143-21.714-17.143-22.857-31.429-0.571-13.714 6.286-26.857 18.286-33.714l950.857-548.571c5.714-3.429 12-5.143 18.286-5.143 7.429 0 14.857 2.286 20.571 6.286z"],"width":1025.1702857142857,"attrs":[],"isMulticolor":false,"isMulticolor2":false,"tags":["paper-plane","send"],"defaultCode":61912,"grid":14},"attrs":[],"properties":{"name":"paper-plane, send","id":429,"order":7,"prevSize":28,"code":61912},"setIdx":0,"setId":2,"iconIdx":429}],"height":1024,"metadata":{"name":"icomoon"},"preferences":{"showGlyphs":true,"showQuickUse":true,"showQuickUse2":true,"showSVGs":true,"fontPref":{"prefix":"icon-","metadata":{"fontFamily":"icomoon"},"metrics":{"emSize":1024,"baseline":6.25,"whitespace":50},"embed":false,"autoHost":true},"imagePref":{"prefix":"icon-","png":true,"useClassSelector":true,"color":0,"bgColor":16777215,"classSelector":".icon"},"historySize":50,"showCodes":true,"gridSize":16,"quickUsageToken":{"UntitledProject":"NzU3ZGM5ZTdiZDU5ZDg5NWU2MTNlN2RlMzNlODZlNGYjMSMxNTc2NjkxMTkwIyMj"}}}